{"cameraMode":{"drawMode":0,"name":"Shaded","section":"Shading Mode"},"sceneLighting":true,"audioPlay":false,"sceneViewState":{"m_AlwaysRefresh":false,"showFog":true,"showSkybox":true,"showFlares":true,"showImageEffects":true,"showParticleSystems":true,"showVisualEffectGraphs":true,"m_FxEnabled":true},"in2DMode":false,"pivot":{"x":584.0115356445313,"y":283.9978942871094,"z":4.9971160888671879},"rotation":{"x":-0.01680871471762657,"y":-0.0039018522948026659,"z":0.00006564107752637938,"w":-0.9998493194580078},"size":251.99984741210938,"orthographic":false}