{"cameraMode":{"drawMode":0,"name":"Shaded","section":"Shading Mode"},"sceneLighting":true,"audioPlay":false,"sceneViewState":{"m_AlwaysRefresh":false,"showFog":true,"showSkybox":true,"showFlares":true,"showImageEffects":true,"showParticleSystems":true,"showVisualEffectGraphs":true,"m_FxEnabled":true},"in2DMode":false,"pivot":{"x":170.45742797851563,"y":351.7823486328125,"z":10.505355834960938},"rotation":{"x":-0.01680871471762657,"y":-0.0039018522948026659,"z":0.00006564107752637938,"w":-0.9998493194580078},"size":199.0798797607422,"orthographic":false}