{"cameraMode":{"drawMode":0,"name":"Shaded","section":"Shading Mode"},"sceneLighting":false,"audioPlay":false,"sceneViewState":{"m_AlwaysRefresh":false,"showFog":true,"showSkybox":false,"showFlares":true,"showImageEffects":true,"showParticleSystems":true,"showVisualEffectGraphs":true,"m_FxEnabled":true},"in2DMode":false,"pivot":{"x":-15.929479598999024,"y":5.481271743774414,"z":0.15925180912017823},"rotation":{"x":-0.004872838035225868,"y":0.9789222478866577,"z":-0.2028331309556961,"w":-0.02351311780512333},"size":0.5943583846092224,"orthographic":false}