{"cameraMode":{"drawMode":0,"name":"Shaded","section":"Shading Mode"},"sceneLighting":false,"audioPlay":false,"sceneViewState":{"m_AlwaysRefresh":false,"showFog":true,"showSkybox":false,"showFlares":true,"showImageEffects":true,"showParticleSystems":true,"showVisualEffectGraphs":true,"m_FxEnabled":true},"in2DMode":false,"pivot":{"x":-5.950942039489746,"y":14.822555541992188,"z":199.11700439453126},"rotation":{"x":-0.09761984646320343,"y":-0.026273470371961595,"z":0.0025786827318370344,"w":-0.9948775172233582},"size":4.186491966247559,"orthographic":false}